ORIGIN,DESTINATION,ALERT_COUNT,MEAN_PROPAGATION_PROBABILITY,MAX_PROPAGATION_PROBABILITY,ORIGIN_latitude_deg,ORIGIN_longitude_deg,DESTINATION_latitude_deg,DESTINATION_longitude_deg
LAS,LAX,179,0.8193674,0.993052,36.083361,-115.151817,33.942501,-118.407997
DEN,LAS,165,0.8368277,0.9920691,39.860027,-104.673792,36.083361,-115.151817
LAS,DEN,155,0.84530514,0.99071044,36.083361,-115.151817,39.860027,-104.673792
SFO,LAX,149,0.79386437,0.99181056,37.619806,-122.374821,33.942501,-118.407997
LAS,SAN,148,0.8498527,0.98919195,36.083361,-115.151817,32.733601,-117.190002
SAN,LAS,142,0.8263018,0.98600084,32.733601,-117.190002,36.083361,-115.151817
LAX,LAS,136,0.8192016,0.99411726,33.942501,-118.407997,36.083361,-115.151817
LAS,PHX,133,0.8391751,0.99318886,36.083361,-115.151817,33.435302,-112.005905
DEN,PHX,129,0.8487603,0.9942092,39.860027,-104.673792,33.435302,-112.005905
SAN,SMF,128,0.8229544,0.9822969,32.733601,-117.190002,38.6954,-121.591003
DCA,BOS,125,0.89521474,0.99325424,38.8521,-77.037697,42.36197,-71.0079
BOS,DCA,124,0.8957388,0.99587506,42.36197,-71.0079,38.8521,-77.037697
SMF,LAS,123,0.796814,0.9863275,38.6954,-121.591003,36.083361,-115.151817
SFO,LAS,120,0.8674764,0.9927101,37.619806,-122.374821,36.083361,-115.151817
LAX,SFO,118,0.81336504,0.9926611,33.942501,-118.407997,37.619806,-122.374821
LAS,SMF,118,0.75536793,0.98662424,36.083361,-115.151817,38.6954,-121.591003
SAN,SJC,115,0.81603134,0.98334634,32.733601,-117.190002,37.362452,-121.929188
LAS,SEA,113,0.8123037,0.98079807,36.083361,-115.151817,47.447943,-122.310276
SFO,SAN,111,0.8553011,0.9930379,37.619806,-122.374821,32.733601,-117.190002
PHX,DEN,109,0.8258747,0.98992515,33.435302,-112.005905,39.860027,-104.673792
LAS,RNO,109,0.8566671,0.9867191,36.083361,-115.151817,39.4991,-119.767998
MCO,ATL,108,0.8531526,0.9903296,28.429399490356445,-81.30899810791016,33.6367,-84.428101
LGA,BOS,105,0.9152657,0.9924366,40.777199,-73.872597,42.36197,-71.0079
SAN,SFO,105,0.84053844,0.9921063,32.733601,-117.190002,37.619806,-122.374821
LAS,SFO,105,0.8406697,0.9920873,36.083361,-115.151817,37.619806,-122.374821
SAN,PHX,105,0.8708376,0.9918453,32.733601,-117.190002,33.435302,-112.005905
DFW,DEN,101,0.8724634,0.9926987,32.896801,-97.038002,39.860027,-104.673792
SJC,SAN,99,0.84048206,0.9855261,37.362452,-121.929188,32.733601,-117.190002
PHX,LAS,97,0.83775914,0.9921604,33.435302,-112.005905,36.083361,-115.151817
LAS,OAK,97,0.7947948,0.9855817,36.083361,-115.151817,37.720085,-122.221184
SLC,DEN,96,0.8435883,0.9912832,40.78886,-111.979866,39.860027,-104.673792
BUR,LAS,96,0.8186772,0.9878498,34.202834,-118.35805,36.083361,-115.151817
LGA,ATL,96,0.8575213,0.9871969,40.777199,-73.872597,33.6367,-84.428101
RDU,BOS,96,0.9113249,0.9830215,35.878659,-78.7873,42.36197,-71.0079
LAS,BUR,95,0.845016,0.98662424,36.083361,-115.151817,34.202834,-118.35805
LAX,JFK,94,0.86300343,0.9920167,33.942501,-118.407997,40.639447,-73.779317
BOS,BWI,94,0.88086367,0.9811018,42.36197,-71.0079,39.1754,-76.668297
MCO,JFK,93,0.9079754,0.98931074,28.429399490356445,-81.30899810791016,40.639447,-73.779317
SEA,LAS,92,0.762126,0.9875207,47.447943,-122.310276,36.083361,-115.151817
RNO,LAS,91,0.83230287,0.98488104,39.4991,-119.767998,36.083361,-115.151817
PHX,SAN,90,0.8413977,0.99281913,33.435302,-112.005905,32.733601,-117.190002
LAS,DFW,89,0.8340141,0.9931872,36.083361,-115.151817,32.896801,-97.038002
SAN,DEN,89,0.85996056,0.9913293,32.733601,-117.190002,39.860027,-104.673792
SNA,LAS,89,0.8286384,0.9850863,33.675063,-117.869281,36.083361,-115.151817
SAN,OAK,89,0.82109916,0.9817578,32.733601,-117.190002,37.720085,-122.221184
CLT,MCO,88,0.84287775,0.99455607,35.2140007019043,-80.94309997558594,28.429399490356445,-81.30899810791016
LAX,PHX,88,0.8161321,0.99214023,33.942501,-118.407997,33.435302,-112.005905
DEN,SEA,88,0.84672,0.99129796,39.860027,-104.673792,47.447943,-122.310276
MCO,PHL,87,0.8433739,0.9957176,28.429399490356445,-81.30899810791016,39.871899,-75.241096
PHL,MCO,85,0.7995643,0.9918698,39.871899,-75.241096,28.429399490356445,-81.30899810791016
SMF,SAN,85,0.8483457,0.9851467,38.6954,-121.591003,32.733601,-117.190002
BOS,ORD,84,0.8822818,0.9913263,42.36197,-71.0079,41.9786,-87.9048
MCO,BWI,84,0.84146374,0.99064094,28.429399490356445,-81.30899810791016,39.1754,-76.668297
BOS,LGA,82,0.8835582,0.9912117,42.36197,-71.0079,40.777199,-73.872597
LGA,ORD,80,0.87060326,0.9943802,40.777199,-73.872597,41.9786,-87.9048
BOS,PHL,80,0.9100893,0.9916134,42.36197,-71.0079,39.871899,-75.241096
DEN,STL,79,0.8702875,0.9927517,39.860027,-104.673792,38.748697,-90.370003
SJC,LAS,79,0.803059,0.98495203,37.362452,-121.929188,36.083361,-115.151817
TPA,ATL,79,0.81231815,0.982301,27.9755,-82.533203,33.6367,-84.428101
SFO,PHX,78,0.8313391,0.99380314,37.619806,-122.374821,33.435302,-112.005905
FLL,ATL,78,0.7970019,0.9860379,26.072599,-80.152702,33.6367,-84.428101
LAX,OAK,78,0.8277368,0.9840056,33.942501,-118.407997,37.720085,-122.221184
BOS,MCO,78,0.7030128,0.9786082,42.36197,-71.0079,28.429399490356445,-81.30899810791016
MSP,DEN,77,0.8221351,0.9904157,44.880081,-93.221741,39.860027,-104.673792
AUS,DEN,77,0.8361076,0.98997027,30.197535,-97.662015,39.860027,-104.673792
MIA,ATL,76,0.82514256,0.9935387,25.796011,-80.289751,33.6367,-84.428101
LAS,SJC,76,0.8414311,0.984863,36.083361,-115.151817,37.362452,-121.929188
CLT,BOS,75,0.8481651,0.9939275,35.2140007019043,-80.94309997558594,42.36197,-71.0079
AUS,PHX,75,0.8380523,0.9930548,30.197535,-97.662015,33.435302,-112.005905
DEN,MSP,75,0.8355264,0.99079204,39.860027,-104.673792,44.880081,-93.221741
RDU,JFK,75,0.8867998,0.9880383,35.878659,-78.7873,40.639447,-73.779317
ORD,BOS,74,0.8911836,0.99041957,41.9786,-87.9048,42.36197,-71.0079
LAS,PDX,74,0.8010319,0.9845271,36.083361,-115.151817,45.588699,-122.598
DFW,LAS,73,0.85193557,0.993796,32.896801,-97.038002,36.083361,-115.151817
DEN,SLC,73,0.8561521,0.9934455,39.860027,-104.673792,40.78886,-111.979866
SNA,PHX,73,0.855941,0.99275994,33.675063,-117.869281,33.435302,-112.005905
SEA,PHX,73,0.8088279,0.99044573,47.447943,-122.310276,33.435302,-112.005905
CLT,PHL,72,0.8871083,0.99521,35.2140007019043,-80.94309997558594,39.871899,-75.241096
AUS,LAS,72,0.8290295,0.9925645,30.197535,-97.662015,36.083361,-115.151817
SFO,DEN,72,0.8612579,0.9908121,37.619806,-122.374821,39.860027,-104.673792
MCO,LGA,72,0.8584905,0.98860884,28.429399490356445,-81.30899810791016,40.777199,-73.872597
SEA,DEN,71,0.82496935,0.9930386,47.447943,-122.310276,39.860027,-104.673792
LAX,SJC,71,0.769452,0.98442113,33.942501,-118.407997,37.362452,-121.929188
MCO,BOS,70,0.8591343,0.98967814,28.429399490356445,-81.30899810791016,42.36197,-71.0079
SNA,SFO,69,0.6959617,0.990734,33.675063,-117.869281,37.619806,-122.374821
BUF,JFK,69,0.928016,0.98973525,42.940498,-78.732201,40.639447,-73.779317
SEA,LAX,69,0.79180825,0.9854578,47.447943,-122.310276,33.942501,-118.407997
PDX,LAS,69,0.7785513,0.9838659,45.588699,-122.598,36.083361,-115.151817
OAK,LAS,69,0.81407624,0.98376334,37.720085,-122.221184,36.083361,-115.151817
OAK,LAX,69,0.82317424,0.9830639,37.720085,-122.221184,33.942501,-118.407997
ATL,FLL,69,0.76067924,0.9823038,33.6367,-84.428101,26.072599,-80.152702
LAS,AUS,68,0.8485834,0.9936907,36.083361,-115.151817,30.197535,-97.662015
ATL,PHL,68,0.8570227,0.9928122,33.6367,-84.428101,39.871899,-75.241096
LAX,DFW,68,0.7666602,0.99216545,33.942501,-118.407997,32.896801,-97.038002
SLC,PHX,67,0.8374378,0.99243075,40.78886,-111.979866,33.435302,-112.005905
EWR,MCO,67,0.7784748,0.99043125,40.6894,-74.170545,28.429399490356445,-81.30899810791016
LAX,DEN,67,0.8072217,0.9887058,33.942501,-118.407997,39.860027,-104.673792
BWI,MCO,67,0.8034225,0.98540765,39.1754,-76.668297,28.429399490356445,-81.30899810791016
DFW,LAX,66,0.8031148,0.9929322,32.896801,-97.038002,33.942501,-118.407997
DEN,SFO,66,0.836303,0.99287367,39.860027,-104.673792,37.619806,-122.374821
AUS,DFW,66,0.89651334,0.9917824,30.197535,-97.662015,32.896801,-97.038002
PHX,LAX,66,0.79770815,0.9915958,33.435302,-112.005905,33.942501,-118.407997
PHX,SEA,66,0.8438168,0.9891655,33.435302,-112.005905,47.447943,-122.310276
LAS,SLC,66,0.7819234,0.98350567,36.083361,-115.151817,40.78886,-111.979866
SMF,LAX,65,0.74095654,0.9821755,38.6954,-121.591003,33.942501,-118.407997
PHX,ORD,64,0.82794183,0.9917977,33.435302,-112.005905,41.9786,-87.9048
BWI,BOS,64,0.86575234,0.98632324,39.1754,-76.668297,42.36197,-71.0079
ATL,MIA,63,0.83298194,0.9908943,33.6367,-84.428101,25.796011,-80.289751
LAS,SNA,63,0.81442386,0.9868702,36.083361,-115.151817,33.675063,-117.869281
FAT,LAS,63,0.8473744,0.98481816,36.775767,-119.718018,36.083361,-115.151817
LAX,SMF,63,0.77245146,0.9837569,33.942501,-118.407997,38.6954,-121.591003
AUS,BNA,63,0.8407128,0.9808301,30.197535,-97.662015,36.1245,-86.6782
DEN,DFW,62,0.8668422,0.99356186,39.860027,-104.673792,32.896801,-97.038002
DFW,SFO,62,0.8597958,0.9933569,32.896801,-97.038002,37.619806,-122.374821
PHL,ATL,62,0.8598064,0.9929639,39.871899,-75.241096,33.6367,-84.428101
DFW,PHX,62,0.85489845,0.9925605,32.896801,-97.038002,33.435302,-112.005905
ORD,LGA,62,0.86165607,0.9916528,41.9786,-87.9048,40.777199,-73.872597
AUS,JFK,62,0.884508,0.9914302,30.197535,-97.662015,40.639447,-73.779317
MCI,DEN,62,0.8495028,0.99043125,39.301699,-94.713893,39.860027,-104.673792
BWI,ATL,62,0.83910555,0.9859772,39.1754,-76.668297,33.6367,-84.428101
OAK,SAN,62,0.8135223,0.9859189,37.720085,-122.221184,32.733601,-117.190002
SLC,LAS,62,0.81201965,0.9855611,40.78886,-111.979866,36.083361,-115.151817
LAS,MDW,62,0.8609719,0.98476493,36.083361,-115.151817,41.785999,-87.752403
BNA,BOS,62,0.88724214,0.9819556,36.1245,-86.6782,42.36197,-71.0079
ATL,MCO,62,0.8277636,0.98123115,33.6367,-84.428101,28.429399490356445,-81.30899810791016
RDU,PHL,61,0.93338424,0.9934056,35.878659,-78.7873,39.871899,-75.241096
TUL,DFW,61,0.8837645,0.9931591,36.197084,-95.886225,32.896801,-97.038002
IAH,DFW,61,0.91401106,0.9931322,29.9844,-95.3414,32.896801,-97.038002
SAN,DFW,61,0.8674936,0.9920108,32.733601,-117.190002,32.896801,-97.038002
BOS,EWR,61,0.9153508,0.9912537,42.36197,-71.0079,40.6894,-74.170545
EWR,ATL,61,0.8002855,0.9894036,40.6894,-74.170545,33.6367,-84.428101
SEA,SMF,61,0.82720095,0.9826757,47.447943,-122.310276,38.6954,-121.591003
DAL,HOU,61,0.8263899,0.98109657,32.844776,-96.847653,29.645336,-95.276812
ATL,BWI,61,0.8224572,0.9801983,33.6367,-84.428101,39.1754,-76.668297
LGA,DFW,60,0.8631817,0.99315816,40.777199,-73.872597,32.896801,-97.038002
BNA,LGA,60,0.87372273,0.9928477,36.1245,-86.6782,40.777199,-73.872597
DEN,SAN,60,0.8825298,0.9923672,39.860027,-104.673792,32.733601,-117.190002
DEN,AUS,60,0.8159424,0.9904129,39.860027,-104.673792,30.197535,-97.662015
SFO,BOS,60,0.8864507,0.9901383,37.619806,-122.374821,42.36197,-71.0079
LAS,JFK,60,0.8257189,0.98035204,36.083361,-115.151817,40.639447,-73.779317
PHL,CLT,59,0.8718803,0.99262226,39.871899,-75.241096,35.2140007019043,-80.94309997558594
JFK,BOS,59,0.9034249,0.987143,40.639447,-73.779317,42.36197,-71.0079
BUR,PHX,59,0.82089543,0.9862118,34.202834,-118.35805,33.435302,-112.005905
BOS,RDU,59,0.8835386,0.9812014,42.36197,-71.0079,35.878659,-78.7873
MCO,CLT,58,0.92953527,0.99563015,28.429399490356445,-81.30899810791016,35.2140007019043,-80.94309997558594
LGA,BNA,58,0.8309339,0.9934204,40.777199,-73.872597,36.1245,-86.6782
BUR,SMF,58,0.80974793,0.9853057,34.202834,-118.35805,38.6954,-121.591003
DFW,MCO,57,0.8447535,0.9930062,32.896801,-97.038002,28.429399490356445,-81.30899810791016
PHX,SFO,57,0.8135133,0.9924204,33.435302,-112.005905,37.619806,-122.374821
SAT,DFW,57,0.91793543,0.9921686,29.533701,-98.469803,32.896801,-97.038002
